id,sport_id,tournament_id,tournament_match_id,team_a,team_b,score_a,score_b,subscore_a,subscore_b
1,2,1,1,Hungary,Switzerland,33,28,,
2,2,1,2,Norway,Croatia,32,23,,
3,2,1,3,Croatia,Hungary,21,18,,
4,2,1,4,Switzerland,Norway,21,38,,
5,2,1,5,Croatia,Switzerland,26,26,,
6,2,1,6,Norway,Hungary,32,22,,
7,2,1,7,Denmark,Slovenia,26,28,,
8,2,1,8,Sweden,Serbia,27,21,,
9,2,1,9,Slovenia,Sweden,22,33,,
10,2,1,10,Serbia,Denmark,21,34,,
11,2,1,11,Slovenia,Serbia,27,24,,
12,2,1,12,Denmark,Sweden,25,23,,
13,2,1,13,France,North Macedonia,24,14,,
14,2,1,14,Netherlands,Romania,29,28,,
15,2,1,15,North Macedonia,Netherlands,15,30,,
16,2,1,16,Romania,France,21,35,,
17,2,1,17,North Macedonia,Romania,23,31,,
18,2,1,18,France,Netherlands,26,24,,
19,2,1,19,Montenegro,Spain,30,23,,
20,2,1,20,Poland,Germany,23,25,,
21,2,1,21,Germany,Montenegro,25,29,,
22,2,1,22,Spain,Poland,21,22,,
23,2,1,23,Poland,Montenegro,23,26,,
24,2,1,24,Germany,Spain,21,23,,
25,2,1,25,Croatia,Slovenia,18,26,,
26,2,1,26,Hungary,Denmark,27,29,,
27,2,1,27,Croatia,Denmark,17,26,,
28,2,1,28,Norway,Sweden,27,25,,
29,2,1,29,Norway,Slovenia,26,23,,
30,2,1,30,Hungary,Sweden,25,30,,
31,2,1,31,Hungary,Slovenia,29,25,,
32,2,1,32,Croatia,Sweden,27,31,,
33,2,1,33,Norway,Denmark,29,31,,
34,2,1,34,Netherlands,Germany,28,36,,
35,2,1,35,Romania,Spain,28,27,,
36,2,1,36,Netherlands,Spain,29,29,,
37,2,1,37,France,Montenegro,27,19,,
38,2,1,38,Romania,Montenegro,34,35,,
39,2,1,39,France,Germany,29,21,,
40,2,1,40,Romania,Germany,28,32,,
41,2,1,41,Netherlands,Montenegro,42,25,,
42,2,1,42,France,Spain,36,23,,
43,2,1,43,Sweden,Netherlands,37,32,,
44,2,1,44,Denmark,Montenegro,27,23,,
45,2,1,45,Norway,France,28,20,,
46,2,1,46,Montenegro,France,27,25,,
47,2,1,47,Denmark,Norway,25,27,,
48,1,2,1,Chile,Iran,24,25,,
49,1,2,2,Spain,Montenegro,30,25,,
50,1,2,3,Montenegro,Iran,34,31,,
51,1,2,4,Spain,Chile,34,26,,
52,1,2,5,Montenegro,Chile,35,33,,
53,1,2,6,Iran,Spain,22,35,,
54,1,2,7,France,Poland,26,24,,
55,1,2,8,Saudi Arabia,Slovenia,19,33,,
56,1,2,9,France,Saudi Arabia,41,23,,
57,1,2,10,Poland,Slovenia,23,32,,
58,1,2,11,Slovenia,France,31,35,,
59,1,2,12,Poland,Saudi Arabia,27,24,,
60,1,2,13,Cape Verde,Uruguay,33,25,,
61,1,2,14,Sweden,Brazil,26,18,,
62,1,2,15,Brazil,Uruguay,35,24,,
63,1,2,16,Sweden,Cape Verde,34,27,,
64,1,2,17,Brazil,Cape Verde,30,28,,
65,1,2,18,Uruguay,Sweden,12,47,,
66,1,2,19,Hungary,South Korea,35,27,,
67,1,2,20,Iceland,Portugal,30,26,,
68,1,2,21,Portugal,South Korea,32,24,,
69,1,2,22,Iceland,Hungary,28,30,,
70,1,2,23,South Korea,Iceland,25,38,,
71,1,2,24,Portugal,Hungary,27,20,,
72,1,2,25,Germany,Qatar,31,27,,
73,1,2,26,Serbia,Algeria,36,27,,
74,1,2,27,Germany,Serbia,34,33,,
75,1,2,28,Qatar,Algeria,29,24,,
76,1,2,29,Algeria,Germany,21,37,,
77,1,2,30,Qatar,Serbia,24,34,,
78,1,2,31,Argentina,Netherlands,19,29,,
79,1,2,32,Norway,North Macedonia,39,27,,
80,1,2,33,North Macedonia,Netherlands,24,34,,
81,1,2,34,Norway,Argentina,32,21,,
82,1,2,35,North Macedonia,Argentina,26,35,,
83,1,2,36,Netherlands,Norway,26,27,,
84,1,2,37,Morocco,United States,27,28,,
85,1,2,38,Egypt,Croatia,31,22,,
86,1,2,39,Egypt,Morocco,30,19,,
87,1,2,40,Croatia,United States,40,22,,
88,1,2,41,United States,Egypt,16,35,,
89,1,2,42,Croatia,Morocco,36,24,,
90,1,2,43,Bahrain,Tunisia,27,27,,
91,1,2,44,Denmark,Belgium,43,28,,
92,1,2,45,Belgium,Tunisia,31,29,,
93,1,2,46,Denmark,Bahrain,36,21,,
94,1,2,47,Belgium,Bahrain,28,30,,
95,1,2,48,Tunisia,Denmark,21,34,,
96,1,2,49,Chile,Saudi Arabia,26,23,,
97,1,2,50,Uruguay,South Korea,30,37,,
98,1,2,51,Chile,Uruguay,34,24,,
99,1,2,52,Saudi Arabia,South Korea,23,34,,
100,1,2,53,South Korea,Chile,26,33,,
101,1,2,54,Saudi Arabia,Uruguay,28,27,,
102,1,2,55,Algeria,North Macedonia,25,40,,
103,1,2,56,Morocco,Tunisia,25,30,,
104,1,2,57,Algeria,Morocco,27,28,,
105,1,2,58,North Macedonia,Tunisia,28,33,,
106,1,2,59,Tunisia,Algeria,30,25,,
107,1,2,60,North Macedonia,Morocco,40,25,,
108,1,2,61,Uruguay,Algeria,33,34,,
109,1,2,62,Saudi Arabia,Morocco,32,30,,
110,1,2,63,South Korea,North Macedonia,33,36,,
111,1,2,64,Chile,Tunisia,26,38,,
112,1,2,65,Iran,Slovenia,21,38,,
113,1,2,66,France,Montenegro,35,24,,
114,1,2,67,Spain,Poland,27,23,,
115,1,2,68,Slovenia,Spain,26,31,,
116,1,2,69,Iran,France,29,41,,
117,1,2,70,Montenegro,Poland,20,27,,
118,1,2,71,Montenegro,Slovenia,23,31,,
119,1,2,72,Iran,Poland,22,26,,
120,1,2,73,Spain,France,26,28,,
121,1,2,74,Portugal,Brazil,28,28,,
122,1,2,75,Cape Verde,Iceland,30,40,,
123,1,2,76,Sweden,Hungary,37,28,,
124,1,2,77,Cape Verde,Portugal,23,35,,
125,1,2,78,Brazil,Hungary,25,28,,
126,1,2,79,Iceland,Sweden,30,35,,
127,1,2,80,Cape Verde,Hungary,30,42,,
128,1,2,81,Brazil,Iceland,37,41,,
129,1,2,82,Sweden,Portugal,32,30,,
130,1,2,83,Qatar,Netherlands,30,32,,
131,1,2,84,Germany,Argentina,39,19,,
132,1,2,85,Norway,Serbia,31,28,,
133,1,2,86,Serbia,Argentina,28,22,,
134,1,2,87,Qatar,Norway,17,30,,
135,1,2,88,Netherlands,Germany,26,33,,
136,1,2,89,Qatar,Argentina,22,26,,
137,1,2,90,Serbia,Netherlands,32,30,,
138,1,2,91,Germany,Norway,26,28,,
139,1,2,92,United States,Bahrain,27,32,,
140,1,2,93,Egypt,Belgium,33,28,,
141,1,2,94,Denmark,Croatia,32,32,,
142,1,2,95,Bahrain,Egypt,22,26,,
143,1,2,96,Croatia,Belgium,34,26,,
144,1,2,97,United States,Denmark,24,33,,
145,1,2,98,United States,Belgium,24,22,,
146,1,2,99,Croatia,Bahrain,43,32,,
147,1,2,100,Egypt,Denmark,25,30,,
148,1,2,101,Denmark,Hungary,40,23,,
149,1,2,102,Norway,Spain,34,35,,
150,1,2,103,Sweden,Egypt,26,22,,
151,1,2,104,France,Germany,35,28,,
152,1,2,105,Germany,Egypt,35,34,,
153,1,2,106,Norway,Hungary,33,25,,
154,1,2,107,Spain,Denmark,23,26,,
155,1,2,108,France,Sweden,31,26,,
156,1,2,109,Egypt,Hungary,36,35,,
157,1,2,110,Germany,Norway,28,24,,
158,1,2,111,Sweden,Spain,36,39,,
159,1,2,112,France,Denmark,29,34,,
160,3,3,1,Samoa,United States,26,19,,
161,3,3,2,New Zealand,Chile,26,7,,
162,3,3,3,Samoa,Chile,31,5,,
163,3,3,4,New Zealand,United States,36,15,,
164,3,3,5,United States,Chile,20,17,,
165,3,3,6,New Zealand,Samoa,7,14,,
166,3,3,7,Ireland,Uruguay,7,0,,
167,3,3,8,South Africa,Canada,12,0,,
168,3,3,9,Ireland,Canada,22,0,,
169,3,3,10,South Africa,Uruguay,5,10,,
170,3,3,11,Uruguay,Canada,10,26,,
171,3,3,12,South Africa,Ireland,5,14,,
172,3,3,13,Australia,Kenya,7,12,,
173,3,3,14,Fiji,Japan,50,0,,
174,3,3,15,Australia,Japan,24,10,,
175,3,3,16,Fiji,Kenya,19,5,,
176,3,3,17,Kenya,Japan,5,7,,
177,3,3,18,Fiji,Australia,15,12,,
178,3,3,19,Great Britain,Argentina,7,5,,
179,3,3,20,France,Spain,19,7,,
180,3,3,21,Great Britain,Spain,24,17,,
181,3,3,22,France,Argentina,12,17,,
182,3,3,23,Argentina,Spain,19,7,,
183,3,3,24,France,Great Britain,14,21,,
184,3,3,25,United States,Kenya,26,21,,
185,3,3,26,Chile,Japan,19,24,,
186,3,3,27,United States,Japan,31,7,,
187,3,3,28,United States,Spain,12,14,,
188,3,3,29,Kenya,Canada,5,12,,
189,3,3,30,France,Chile,12,5,,
190,3,3,31,Uruguay,Japan,19,7,,
191,3,3,32,Spain,Canada,17,12,,
192,3,3,33,France,Uruguay,31,5,,
193,3,3,34,Spain,France,24,26,,
194,3,3,35,Samoa,South Africa,45,5,,
195,3,3,36,Great Britain,Ireland,12,5,,
196,3,3,37,Samoa,Great Britain,24,19,,
197,3,3,38,Samoa,Argentina,12,19,,
198,3,3,39,Fiji,South Africa,28,7,,
199,3,3,40,Great Britain,New Zealand,12,24,,
200,3,3,41,Ireland,Australia,7,31,,
201,3,3,42,Argentina,Fiji,20,17,,
202,3,3,43,New Zealand,Australia,33,17,,
203,3,3,44,Argentina,New Zealand,12,22,,
204,3,3,45,Fiji,Australia,21,19,,
205,2,4,1,China,Kazakhstan,33,26,,
206,2,4,2,South Korea,India,53,14,,
207,2,4,3,India,Japan,17,54,,
208,2,4,4,South Korea,China,33,20,,
209,2,4,5,Japan,Kazakhstan,50,28,,
210,2,4,6,China,India,30,24,,
211,2,4,7,China,Japan,18,35,,
212,2,4,8,Kazakhstan,South Korea,24,45,,
213,2,4,9,Kazakhstan,India,34,26,,
214,2,4,10,Japan,South Korea,24,25,,
215,4,5,1,Brazil,Qatar,3,0,76,59
216,4,5,2,Italy,Czech Republic,3,1,99,85
217,4,5,3,Iran,Germany,1,3,84,97
218,4,5,4,Cuba,Ukraine,3,0,75,53
219,4,5,5,Brazil,Czech Republic,3,2,109,100
220,4,5,6,Cuba,Germany,1,3,76,96
221,4,5,7,Italy,Qatar,3,0,75,58
222,4,5,8,Iran,Ukraine,0,3,58,75
223,4,5,9,Iran,Qatar,3,1,98,88
224,4,5,10,Cuba,Czech Republic,3,0,76,66
225,4,5,11,Italy,Ukraine,3,0,75,55
226,4,5,12,Brazil,Germany,1,3,89,99
227,4,5,13,Iran,Czech Republic,1,3,84,96
228,4,5,14,Italy,Germany,1,3,92,94
229,4,5,15,Cuba,Qatar,3,0,75,58
230,4,5,16,Brazil,Ukraine,3,2,122,112
231,4,5,17,Brazil,Cuba,3,1,98,83
232,4,5,18,Italy,Iran,3,0,75,67
233,4,5,19,Ukraine,Qatar,3,1,103,96
234,4,5,20,Germany,Czech Republic,3,0,75,58
235,4,5,21,Brazil,Iran,3,0,75,62
236,4,5,22,Italy,Cuba,1,3,99,102
237,4,5,23,Ukraine,Czech Republic,3,1,98,79
238,4,5,24,Germany,Qatar,3,0,75,51
239,4,5,25,Brazil,Italy,3,2,103,101
240,4,5,26,Iran,Cuba,2,3,92,111
241,4,5,27,Ukraine,Germany,0,3,43,75
242,4,5,28,Czech Republic,Qatar,3,1,103,97
243,4,5,29,Slovenia,Tunisia,3,0,75,59
244,4,5,30,Serbia,Turkey,1,3,81,95
245,4,5,31,United States,Egypt,3,0,75,55
246,4,5,32,Japan,Finland,3,2,109,96
247,4,5,33,Slovenia,Turkey,3,0,83,76
248,4,5,34,Serbia,Tunisia,3,0,75,58
249,4,5,35,United States,Finland,3,0,75,49
250,4,5,36,Japan,Egypt,2,3,109,89
251,4,5,37,Slovenia,Finland,3,1,93,82
252,4,5,38,Serbia,Egypt,3,1,93,74
253,4,5,39,United States,Turkey,3,1,108,95
254,4,5,40,Japan,Tunisia,3,0,75,45
255,4,5,41,Slovenia,Egypt,3,1,98,78
256,4,5,42,Serbia,Finland,3,0,75,65
257,4,5,43,United States,Tunisia,3,0,75,37
258,4,5,44,Japan,Turkey,3,0,75,54
259,4,5,45,Turkey,Finland,3,2,111,103
260,4,5,46,Tunisia,Egypt,2,3,107,97
261,4,5,47,United States,Slovenia,3,1,96,81
262,4,5,48,Japan,Serbia,3,0,75,53
263,4,5,49,Turkey,Egypt,3,1,95,87
264,4,5,50,Tunisia,Finland,0,3,57,75
265,4,5,51,United States,Serbia,3,0,75,53
266,4,5,52,Japan,Slovenia,3,0,75,61
267,4,5,53,Egypt,Finland,2,3,97,105
268,4,5,54,Turkey,Tunisia,3,0,79,62
269,4,5,55,Slovenia,Serbia,3,0,75,66
270,4,5,56,Japan,United States,2,3,104,106
271,4,5,57,Argentina,Mexico,3,0,75,56
272,4,5,58,Netherlands,Canada,2,3,102,112
273,4,5,59,Poland,Belgium,3,2,111,101
274,4,5,60,China,Bulgaria,0,3,51,75
275,4,5,61,Argentina,Canada,1,3,87,100
276,4,5,62,Netherlands,Mexico,3,0,75,54
277,4,5,63,Poland,Bulgaria,3,0,76,65
278,4,5,64,China,Belgium,1,3,79,97
279,4,5,65,Argentina,Bulgaria,3,0,83,75
280,4,5,66,Netherlands,Belgium,0,3,56,75
281,4,5,67,Poland,Canada,3,2,108,105
282,4,5,68,China,Mexico,3,0,75,49
283,4,5,69,Netherlands,Bulgaria,0,3,72,80
284,4,5,70,Argentina,Belgium,3,2,104,108
285,4,5,71,Poland,Mexico,3,0,75,54
286,4,5,72,China,Canada,0,3,65,76
287,4,5,73,Canada,Bulgaria,3,0,75,56
288,4,5,74,Mexico,Belgium,0,3,56,75
289,4,5,75,Poland,Argentina,3,1,101,94
290,4,5,76,China,Netherlands,2,3,93,108
291,4,5,77,Canada,Belgium,1,3,83,102
292,4,5,78,Mexico,Bulgaria,0,3,64,75
293,4,5,79,Poland,Netherlands,3,1,100,91
294,4,5,80,China,Argentina,2,3,103,107
295,4,5,81,Belgium,Bulgaria,2,3,106,109
296,4,5,82,Argentina,Netherlands,3,0,77,64
297,4,5,83,Canada,Mexico,3,0,75,56
298,4,5,84,China,Poland,2,3,93,111
299,1,6,1,South Korea,United Arab Emirates,29,23,,
300,1,6,2,Saudi Arabia,India,46,17,,
301,1,6,3,Qatar,China,34,25,,
302,1,6,4,Saudi Arabia,South Korea,27,29,,
303,1,6,5,United Arab Emirates,China,31,30,,
304,1,6,6,India,Qatar,14,48,,
305,1,6,7,South Korea,India,46,19,,
306,1,6,8,China,Saudi Arabia,23,33,,
307,1,6,9,Qatar,United Arab Emirates,31,23,,
308,1,6,10,India,China,15,46,,
309,1,6,11,United Arab Emirates,Saudi Arabia,21,22,,
310,1,6,12,South Korea,Qatar,25,39,,
311,1,6,13,United Arab Emirates,India,40,22,,
312,1,6,14,China,South Korea,23,28,,
313,1,6,15,Qatar,Saudi Arabia,33,24,,
314,1,6,16,Kazakhstan,Bahrain,18,46,,
315,1,6,17,Japan,Iran,25,20,,
316,1,6,18,Kuwait,Iran,28,29,,
317,1,6,19,Japan,Bahrain,27,26,,
318,1,6,20,Iran,Kazakhstan,42,20,,
319,1,6,21,Kuwait,Japan,30,32,,
320,1,6,22,Kazakhstan,Japan,19,44,,
321,1,6,23,Kuwait,Bahrain,26,34,,
322,1,6,24,Kazakhstan,Kuwait,31,39,,
323,1,6,25,Bahrain,Iran,28,24,,
324,1,6,26,China,Kazakhstan,44,22,,
325,1,6,27,United Arab Emirates,Kuwait,26,31,,
326,1,6,28,Saudi Arabia,Iran,28,30,,
327,1,6,29,Qatar,Bahrain,29,30,,
328,1,6,30,Japan,South Korea,34,23,,
329,1,6,31,Qatar,South Korea,32,38,,
330,1,6,32,Bahrain,Japan,29,32,,
331,2,7,1,Cameroon,Congo,21,21,,
332,2,7,2,Angola,Senegal,22,21,,
333,2,7,3,Cameroon,Senegal,17,15,,
334,2,7,4,Congo,Angola,15,30,,
335,2,7,5,Senegal,Congo,27,22,,
336,2,7,6,Angola,Cameroon,27,21,,
337,2,8,1,Argentina,Puerto Rico,46,17,,
338,2,8,2,Canada,Chile,14,23,,
339,2,8,3,Chile,Argentina,15,28,,
340,2,8,4,Puerto Rico,Canada,25,20,,
341,2,8,5,Argentina,Canada,31,10,,
342,2,8,6,Puerto Rico,Chile,15,23,,
343,2,8,7,Cuba,Uruguay,25,21,,
344,2,8,8,Brazil,Paraguay,27,15,,
345,2,8,9,Uruguay,Brazil,9,28,,
346,2,8,10,Paraguay,Cuba,31,26,,
347,2,8,11,Paraguay,Uruguay,22,23,,
348,2,8,12,Brazil,Cuba,49,11,,
349,2,8,13,Cuba,Canada,26,20,,
350,2,8,14,Puerto Rico,Uruguay,30,23,,
351,2,8,15,Canada,Uruguay,19,22,,
352,2,8,16,Cuba,Puerto Rico,29,31,,
353,2,8,17,Argentina,Paraguay,28,18,,
354,2,8,18,Brazil,Chile,30,10,,
355,2,8,19,Paraguay,Chile,23,20,,
356,2,8,20,Argentina,Brazil,18,30,,
357,1,9,1,Brazil,Mexico,51,19,,
358,1,9,2,Chile,Dominican Republic,30,21,,
359,1,9,3,Dominican Republic,Brazil,20,36,,
360,1,9,4,Mexico,Chile,21,32,,
361,1,9,5,Dominican Republic,Mexico,19,26,,
362,1,9,6,Chile,Brazil,28,30,,
363,1,9,7,Cuba,Uruguay,24,25,,
364,1,9,8,Argentina,United States,28,14,,
365,1,9,9,United States,Cuba,30,28,,
366,1,9,10,Uruguay,Argentina,16,37,,
367,1,9,11,United States,Uruguay,34,30,,
368,1,9,12,Argentina,Cuba,28,20,,
369,1,9,13,Uruguay,Dominican Republic,33,29,,
370,1,9,14,Mexico,Cuba,22,25,,
371,1,9,15,Dominican Republic,Mexico,28,29,,
372,1,9,16,Uruguay,Cuba,30,28,,
373,1,9,17,Brazil,United States,40,27,,
374,1,9,18,Argentina,Chile,33,26,,
375,1,9,19,United States,Chile,27,28,,
376,1,9,20,Brazil,Argentina,25,32,,
377,2,10,1,Croatia,Senegal,22,22,,
378,2,10,2,Sweden,China,36,24,,
379,2,10,3,Croatia,China,39,13,,
380,2,10,4,Senegal,Sweden,18,26,,
381,2,10,5,China,Senegal,15,22,,
382,2,10,6,Sweden,Croatia,22,17,,
383,2,10,7,Montenegro,Cameroon,25,11,,
384,2,10,8,Hungary,Paraguay,35,12,,
385,2,10,9,Paraguay,Montenegro,26,41,,
386,2,10,10,Hungary,Cameroon,39,20,,
387,2,10,11,Cameroon,Paraguay,26,23,,
388,2,10,12,Montenegro,Hungary,24,18,,
389,2,10,13,South Korea,Austria,29,30,,
390,2,10,14,Norway,Greenland,43,11,,
391,2,10,15,South Korea,Greenland,27,16,,
392,2,10,16,Austria,Norway,28,45,,
393,2,10,17,Greenland,Austria,23,43,,
394,2,10,18,Norway,South Korea,33,23,,
395,2,10,19,Slovenia,Iceland,30,24,,
396,2,10,20,France,Angola,30,29,,
397,2,10,21,Slovenia,Angola,30,24,,
398,2,10,22,Iceland,France,22,31,,
399,2,10,23,Angola,Iceland,26,26,,
400,2,10,24,France,Slovenia,31,27,,
401,2,10,25,Romania,Chile,44,19,,
402,2,10,26,Denmark,Serbia,25,21,,
403,2,10,27,Romania,Serbia,37,28,,
404,2,10,28,Chile,Denmark,11,46,,
405,2,10,29,Serbia,Chile,30,16,,
406,2,10,30,Denmark,Romania,39,23,,
407,2,10,31,Germany,Japan,31,30,,
408,2,10,32,Poland,Iran,35,15,,
409,2,10,33,Iran,Germany,22,45,,
410,2,10,34,Poland,Japan,32,30,,
411,2,10,35,Japan,Iran,42,10,,
412,2,10,36,Germany,Poland,33,17,,
413,2,10,37,Brazil,Ukraine,35,20,,
414,2,10,38,Spain,Kazakhstan,34,17,,
415,2,10,39,Kazakhstan,Brazil,15,46,,
416,2,10,40,Spain,Ukraine,32,20,,
417,2,10,41,Ukraine,Kazakhstan,37,24,,
418,2,10,42,Brazil,Spain,25,27,,
419,2,10,43,Netherlands,Argentina,41,26,,
420,2,10,44,Czech Republic,Congo,32,22,,
421,2,10,45,Czech Republic,Argentina,31,22,,
422,2,10,46,Congo,Netherlands,20,40,,
423,2,10,47,Argentina,Congo,31,26,,
424,2,10,48,Netherlands,Czech Republic,33,20,,
425,2,10,49,China,Paraguay,23,20,,
426,2,10,50,Greenland,Iceland,14,37,,
427,2,10,51,Paraguay,Iceland,19,25,,
428,2,10,52,China,Greenland,32,24,,
429,2,10,53,Iceland,China,30,23,,
430,2,10,54,Paraguay,Greenland,21,19,,
431,2,10,55,Kazakhstan,Congo,36,37,,
432,2,10,56,Chile,Iran,30,20,,
433,2,10,57,Chile,Kazakhstan,27,23,,
434,2,10,58,Iran,Congo,20,32,,
435,2,10,59,Congo,Chile,24,21,,
436,2,10,60,Iran,Kazakhstan,29,33,,
437,2,10,61,Greenland,Iran,23,28,,
438,2,10,62,Paraguay,Kazakhstan,36,30,,
439,2,10,63,China,Chile,25,26,,
440,2,10,64,Iceland,Congo,30,28,,
441,2,10,65,Montenegro,Croatia,25,26,,
442,2,10,66,Senegal,Hungary,20,30,,
443,2,10,67,Sweden,Cameroon,37,13,,
444,2,10,68,Senegal,Montenegro,21,29,,
445,2,10,69,Croatia,Cameroon,24,15,,
446,2,10,70,Hungary,Sweden,22,26,,
447,2,10,71,Cameroon,Senegal,20,22,,
448,2,10,72,Hungary,Croatia,23,22,,
449,2,10,73,Montenegro,Sweden,25,32,,
450,2,10,74,South Korea,Slovenia,27,31,,
451,2,10,75,France,Austria,41,27,,
452,2,10,76,Norway,Angola,37,19,,
453,2,10,77,Austria,Angola,25,30,,
454,2,10,78,South Korea,France,22,32,,
455,2,10,79,Slovenia,Norway,21,34,,
456,2,10,80,Angola,South Korea,33,31,,
457,2,10,81,Slovenia,Austria,32,27,,
458,2,10,82,France,Norway,24,23,,
459,2,10,83,Serbia,Poland,21,22,,
460,2,10,84,Germany,Romania,24,22,,
461,2,10,85,Denmark,Japan,26,27,,
462,2,10,86,Romania,Japan,32,28,,
463,2,10,87,Serbia,Germany,21,31,,
464,2,10,88,Poland,Denmark,22,32,,
465,2,10,89,Japan,Serbia,22,20,,
466,2,10,90,Poland,Romania,26,27,,
467,2,10,91,Germany,Denmark,28,30,,
468,2,10,92,Ukraine,Czech Republic,23,30,,
469,2,10,93,Spain,Argentina,30,23,,
470,2,10,94,Netherlands,Brazil,35,27,,
471,2,10,95,Brazil,Argentina,33,19,,
472,2,10,96,Czech Republic,Spain,30,22,,
473,2,10,97,Ukraine,Netherlands,21,40,,
474,2,10,98,Argentina,Ukraine,25,20,,
475,2,10,99,Czech Republic,Brazil,27,30,,
476,2,10,100,Netherlands,Spain,29,21,,
477,2,10,101,France,Czech Republic,33,22,,
478,2,10,102,Netherlands,Norway,23,30,,
479,2,10,103,Sweden,Germany,27,20,,
480,2,10,104,Denmark,Montenegro,26,24,,
481,2,10,105,Germany,Czech Republic,32,26,,
482,2,10,106,Montenegro,Netherlands,25,28,,
483,2,10,107,Denmark,Norway,28,29,,
484,2,10,108,Sweden,France,28,37,,
485,2,10,109,Czech Republic,Montenegro,24,28,,
486,2,10,110,Germany,Netherlands,26,30,,
487,2,10,111,Sweden,Denmark,27,28,,
488,2,10,112,France,Norway,31,28,,
489,3,11,1,New Zealand,Canada,26,21,,
490,3,11,2,Samoa,South Africa,14,22,,
491,3,11,3,South Africa,Canada,35,14,,
492,3,11,4,New Zealand,Samoa,14,12,,
493,3,11,5,Samoa,Canada,24,0,,
494,3,11,6,New Zealand,South Africa,19,21,,
495,3,11,7,Argentina,Spain,26,12,,
496,3,11,8,Australia,Ireland,12,19,,
497,3,11,9,Ireland,Spain,35,10,,
498,3,11,10,Argentina,Australia,31,14,,
499,3,11,11,Australia,Spain,25,7,,
500,3,11,12,Argentina,Ireland,17,7,,
501,3,11,13,Fiji,United States,21,14,,
502,3,11,14,France,Great Britain,35,0,,
503,3,11,15,Great Britain,United States,12,36,,
504,3,11,16,Fiji,France,40,5,,
505,3,11,17,France,United States,14,26,,
506,3,11,18,Fiji,Great Britain,0,24,,
507,3,11,19,France,Spain,26,12,,
508,3,11,20,Great Britain,Canada,21,14,,
509,3,11,21,France,Great Britain,22,0,,
510,3,11,22,Spain,Canada,19,14,,
511,3,11,23,United States,Australia,12,26,,
512,3,11,24,Ireland,Samoa,28,5,,
513,3,11,25,South Africa,Australia,24,7,,
514,3,11,26,Ireland,Fiji,24,29,,
515,3,11,27,United States,New Zealand,0,40,,
516,3,11,28,Samoa,Argentina,14,21,,
517,3,11,29,South Africa,Fiji,14,7,,
518,3,11,30,New Zealand,Argentina,19,21,,
519,3,11,31,South Africa,Argentina,12,7,,
520,3,11,32,Fiji,New Zealand,12,17,,
521,3,12,1,Ireland,United States,31,0,,
522,3,12,2,South Africa,Great Britain,19,5,,
523,3,12,3,Ireland,Great Britain,19,14,,
524,3,12,4,South Africa,United States,26,14,,
525,3,12,5,United States,Great Britain,26,31,,
526,3,12,6,South Africa,Ireland,12,14,,
527,3,12,7,Fiji,France,14,17,,
528,3,12,8,Argentina,Spain,31,12,,
529,3,12,9,Fiji,Spain,33,7,,
530,3,12,10,Argentina,France,21,7,,
531,3,12,11,France,Spain,21,19,,
532,3,12,12,Argentina,Fiji,12,19,,
533,3,12,13,Samoa,Australia,7,27,,
534,3,12,14,New Zealand,Canada,7,19,,
535,3,12,15,Samoa,Canada,7,33,,
536,3,12,16,New Zealand,Australia,35,5,,
537,3,12,17,Australia,Canada,26,7,,
538,3,12,18,New Zealand,Samoa,14,21,,
539,3,12,19,Samoa,Spain,17,24,,
540,3,12,20,Great Britain,United States,21,14,,
541,3,12,21,Spain,Great Britain,7,31,,
542,3,12,22,Samoa,United States,19,24,,
543,3,12,23,South Africa,New Zealand,7,31,,
544,3,12,24,Canada,France,33,17,,
545,3,12,25,Argentina,Canada,33,0,,
546,3,12,26,Ireland,New Zealand,36,21,,
547,3,12,27,Australia,South Africa,28,0,,
548,3,12,28,Fiji,France,29,24,,
549,3,12,29,Argentina,Ireland,26,19,,
550,3,12,30,Australia,Fiji,24,7,,
551,3,12,31,Argentina,Australia,45,12,,
552,3,12,32,Ireland,Fiji,7,14,,
553,1,13,1,France,North Macedonia,39,29,,
554,1,13,2,Germany,Switzerland,27,14,,
555,1,13,3,Switzerland,France,26,26,,
556,1,13,4,North Macedonia,Germany,25,34,,
557,1,13,5,North Macedonia,Switzerland,29,27,,
558,1,13,6,France,Germany,33,30,,
559,1,13,7,Austria,Romania,31,24,,
560,1,13,8,Spain,Croatia,29,39,,
561,1,13,9,Romania,Spain,24,36,,
562,1,13,10,Croatia,Austria,28,28,,
563,1,13,11,Croatia,Romania,31,25,,
564,1,13,12,Spain,Austria,33,33,,
565,1,13,13,Iceland,Serbia,27,27,,
566,1,13,14,Hungary,Montenegro,26,24,,
567,1,13,15,Montenegro,Iceland,30,31,,
568,1,13,16,Serbia,Hungary,27,28,,
569,1,13,17,Serbia,Montenegro,29,30,,
570,1,13,18,Iceland,Hungary,25,33,,
571,1,13,19,Slovenia,Faroe Islands,32,29,,
572,1,13,20,Norway,Poland,32,21,,
573,1,13,21,Poland,Slovenia,25,32,,
574,1,13,22,Faroe Islands,Norway,26,26,,
575,1,13,23,Poland,Faroe Islands,32,28,,
576,1,13,24,Norway,Slovenia,27,28,,
577,1,13,25,Netherlands,Georgia,34,29,,
578,1,13,26,Sweden,Bosnia and Herzegovina,29,20,,
579,1,13,27,Bosnia and Herzegovina,Netherlands,20,36,,
580,1,13,28,Georgia,Sweden,26,42,,
581,1,13,29,Bosnia and Herzegovina,Georgia,19,22,,
582,1,13,30,Sweden,Netherlands,29,28,,
583,1,13,31,Portugal,Greece,31,24,,
584,1,13,32,Denmark,Czech Republic,23,14,,
585,1,13,33,Czech Republic,Portugal,27,30,,
586,1,13,34,Greece,Denmark,28,40,,
587,1,13,35,Czech Republic,Greece,29,20,,
588,1,13,36,Denmark,Portugal,37,27,,
589,1,13,37,Hungary,Austria,29,30,,
590,1,13,38,France,Croatia,34,32,,
591,1,13,39,Germany,Iceland,26,24,,
592,1,13,40,France,Iceland,39,32,,
593,1,13,41,Hungary,Croatia,29,26,,
594,1,13,42,Germany,Austria,22,22,,
595,1,13,43,Croatia,Iceland,30,35,,
596,1,13,44,France,Austria,33,28,,
597,1,13,45,Germany,Hungary,35,28,,
598,1,13,46,Austria,Iceland,24,26,,
599,1,13,47,France,Hungary,35,32,,
600,1,13,48,Germany,Croatia,24,30,,
601,1,13,49,Norway,Portugal,32,37,,
602,1,13,50,Denmark,Netherlands,39,27,,
603,1,13,51,Slovenia,Sweden,22,28,,
604,1,13,52,Slovenia,Portugal,30,33,,
605,1,13,53,Norway,Netherlands,35,32,,
606,1,13,54,Denmark,Sweden,28,27,,
607,1,13,55,Slovenia,Netherlands,37,34,,
608,1,13,56,Sweden,Portugal,40,33,,
609,1,13,57,Norway,Denmark,23,29,,
610,1,13,58,Netherlands,Portugal,33,33,,
611,1,13,59,Slovenia,Denmark,28,25,,
612,1,13,60,Norway,Sweden,33,23,,
613,1,13,61,Hungary,Slovenia,23,22,,
614,1,13,62,France,Sweden,34,30,,
615,1,13,63,Germany,Denmark,26,29,,
616,1,13,64,Sweden,Germany,34,31,,
617,1,13,65,France,Denmark,33,31,,
618,1,14,1,DR Congo,Zambia,40,21,,
619,1,14,2,Cape Verde,Rwanda,52,27,,
620,1,14,3,Rwanda,DR Congo,20,38,,
621,1,14,4,Zambia,Cape Verde,13,45,,
622,1,14,5,Zambia,Rwanda,25,36,,
623,1,14,6,Cape Verde,DR Congo,29,22,,
624,1,14,7,Cameroon,Congo,25,21,,
625,1,14,8,Egypt,Guinea,33,15,,
626,1,14,9,Guinea,Cameroon,23,19,,
627,1,14,10,Egypt,Congo,34,19,,
628,1,14,11,Congo,Guinea,22,25,,
629,1,14,12,Cameroon,Egypt,16,35,,
630,1,14,13,Algeria,Gabon,31,27,,
631,1,14,14,Morocco,Libya,30,25,,
632,1,14,15,Libya,Algeria,19,34,,
633,1,14,16,Gabon,Morocco,25,33,,
634,1,14,17,Gabon,Libya,24,25,,
635,1,14,18,Morocco,Algeria,23,30,,
636,1,14,19,Tunisia,Kenya,59,18,,
637,1,14,20,Angola,Nigeria,26,24,,
638,1,14,21,Kenya,Angola,20,48,,
639,1,14,22,Nigeria,Tunisia,19,36,,
640,1,14,23,Nigeria,Kenya,32,23,,
641,1,14,24,Tunisia,Angola,33,30,,
642,1,14,25,Rwanda,Gabon,33,37,,
643,1,14,26,Libya,Zambia,36,17,,
644,1,14,27,Cameroon,Kenya,36,18,,
645,1,14,28,Nigeria,Congo,27,26,,
646,1,14,29,Rwanda,Kenya,32,24,,
647,1,14,30,Zambia,Congo,17,36,,
648,1,14,31,Gabon,Cameroon,21,28,,
649,1,14,32,Libya,Nigeria,24,31,,
650,1,14,33,Kenya,Zambia,34,28,,
651,1,14,34,Rwanda,Congo,28,42,,
652,1,14,35,Gabon,Libya,25,24,,
653,1,14,36,Cameroon,Nigeria,25,33,,
654,1,14,37,Cape Verde,Morocco,31,22,,
655,1,14,38,Algeria,DR Congo,36,23,,
656,1,14,39,Egypt,Angola,37,25,,
657,1,14,40,Tunisia,Guinea,37,24,,
658,1,14,41,Morocco,DR Congo,36,37,,
659,1,14,42,Angola,Guinea,24,25,,
660,1,14,43,Egypt,Tunisia,30,25,,
661,1,14,44,Cape Verde,Algeria,26,32,,
662,1,14,45,Morocco,Angola,25,23,,
663,1,14,46,DR Congo,Guinea,26,29,,
664,1,14,47,Cape Verde,Tunisia,28,35,,
665,1,14,48,Algeria,Egypt,21,29,,
666,3,15,1,South Africa,Canada,24,7,,
667,3,15,2,Argentina,Spain,28,5,,
668,3,15,3,South Africa,Spain,21,14,,
669,3,15,4,Argentina,Canada,29,5,,
670,3,15,5,Canada,Spain,12,33,,
671,3,15,6,Argentina,South Africa,19,5,,
672,3,15,7,Ireland,Great Britain,17,12,,
673,3,15,8,Australia,United States,14,19,,
674,3,15,9,Ireland,United States,7,26,,
675,3,15,10,Great Britain,Australia,14,26,,
676,3,15,11,Great Britain,United States,10,17,,
677,3,15,12,Australia,Ireland,10,19,,
678,3,15,13,New Zealand,France,17,33,,
679,3,15,14,Fiji,Samoa,14,7,,
680,3,15,15,New Zealand,Samoa,17,12,,
681,3,15,16,Fiji,France,26,21,,
682,3,15,17,France,Samoa,19,14,,
683,3,15,18,New Zealand,Fiji,14,21,,
684,3,15,19,Samoa,Great Britain,24,19,,
685,3,15,20,New Zealand,Canada,26,21,,
686,3,15,21,Samoa,New Zealand,14,21,,
687,3,15,22,Great Britain,Canada,17,5,,
688,3,15,23,France,South Africa,5,24,,
689,3,15,24,United States,Spain,27,12,,
690,3,15,25,Ireland,France,21,14,,
691,3,15,26,Argentina,Spain,28,17,,
692,3,15,27,Fiji,South Africa,14,12,,
693,3,15,28,United States,Australia,7,31,,
694,3,15,29,Ireland,Argentina,5,24,,
695,3,15,30,Fiji,Australia,7,22,,
696,3,15,31,Argentina,Australia,31,5,,
697,3,15,32,Ireland,Fiji,24,7,,
698,3,16,1,Fiji,Spain,31,14,,
699,3,16,2,Argentina,Canada,12,10,,
700,3,16,3,Fiji,Canada,22,12,,
701,3,16,4,Argentina,Spain,38,7,,
702,3,16,5,Spain,Canada,31,14,,
703,3,16,6,Argentina,Fiji,24,19,,
704,3,16,7,France,United States,24,12,,
705,3,16,8,Australia,Samoa,7,31,,
706,3,16,9,France,Samoa,40,7,,
707,3,16,10,Australia,United States,21,26,,
708,3,16,11,United States,Samoa,21,7,,
709,3,16,12,Australia,France,5,31,,
710,3,16,13,South Africa,New Zealand,21,12,,
711,3,16,14,Ireland,Great Britain,14,17,,
712,3,16,15,South Africa,Great Britain,12,17,,
713,3,16,16,Ireland,New Zealand,14,19,,
714,3,16,17,New Zealand,Great Britain,26,5,,
715,3,16,18,Ireland,South Africa,22,10,,
716,3,16,19,South Africa,Canada,20,14,,
717,3,16,20,Spain,Australia,14,19,,
718,3,16,21,South Africa,Australia,24,7,,
719,3,16,22,Canada,Spain,12,17,,
720,3,16,23,Fiji,Ireland,19,24,,
721,3,16,24,Samoa,Great Britain,14,19,,
722,3,16,25,United States,Great Britain,27,0,,
723,3,16,26,Argentina,Samoa,14,12,,
724,3,16,27,New Zealand,Fiji,21,19,,
725,3,16,28,France,Ireland,12,5,,
726,3,16,29,United States,Argentina,19,35,,
727,3,16,30,New Zealand,France,28,26,,
728,3,16,31,Argentina,New Zealand,36,12,,
729,3,16,32,United States,France,12,42,,
730,3,17,1,Ireland,South Africa,17,0,,
731,3,17,2,Argentina,Spain,28,19,,
732,3,17,3,Ireland,Spain,14,19,,
733,3,17,4,Argentina,South Africa,17,5,,
734,3,17,5,South Africa,Spain,22,19,,
735,3,17,6,Argentina,Ireland,26,14,,
736,3,17,7,New Zealand,Australia,17,24,,
737,3,17,8,United States,Samoa,31,12,,
738,3,17,9,New Zealand,Samoa,10,7,,
739,3,17,10,United States,Australia,12,17,,
740,3,17,11,Samoa,Australia,19,28,,
741,3,17,12,New Zealand,United States,19,28,,
742,3,17,13,Fiji,Great Britain,15,12,,
743,3,17,14,France,Canada,24,7,,
744,3,17,15,Fiji,Canada,40,0,,
745,3,17,16,France,Great Britain,19,12,,
746,3,17,17,Great Britain,Canada,31,14,,
747,3,17,18,France,Fiji,10,14,,
748,3,17,19,South Africa,Samoa,10,19,,
749,3,17,20,New Zealand,Canada,19,7,,
750,3,17,21,Samoa,New Zealand,12,5,,
751,3,17,22,South Africa,Canada,28,15,,
752,3,17,23,Fiji,Argentina,21,26,,
753,3,17,24,Australia,United States,24,14,,
754,3,17,25,United States,France,0,14,,
755,3,17,26,Argentina,Ireland,14,24,,
756,3,17,27,Fiji,Spain,1,21,,
757,3,17,28,Australia,Great Britain,19,26,,
758,3,17,29,France,Ireland,26,24,,
759,3,17,30,Spain,Great Britain,7,10,,
760,3,17,31,France,Great Britain,21,0,,
761,3,17,32,Ireland,Spain,24,7,,
762,1,18,1,Spain,Bahrain,39,27,,
763,1,18,2,Slovenia,Brazil,27,26,,
764,1,18,3,Bahrain,Brazil,24,25,,
765,1,18,4,Spain,Slovenia,32,22,,
766,1,18,5,Slovenia,Bahrain,32,26,,
767,1,18,6,Brazil,Spain,26,28,,
768,1,18,7,Germany,Angola,41,29,,
769,1,18,8,Croatia,Austria,35,29,,
770,1,18,9,Germany,Croatia,30,33,,
771,1,18,10,Algeria,Austria,26,41,,
772,1,18,11,Austria,Germany,31,34,,
773,1,18,12,Croatia,Algeria,34,22,,
774,1,18,13,Norway,Portugal,32,29,,
775,1,18,14,Hungary,Tunisia,33,24,,
776,1,18,15,Portugal,Tunisia,37,29,,
777,1,18,16,Norway,Hungary,29,25,,
778,1,18,17,Tunisia,Norway,24,41,,
779,1,18,18,Hungary,Portugal,30,27,,
780,3,19,1,Fiji,Australia,0,12,,
781,3,19,2,France,Canada,31,0,,
782,3,19,3,Fiji,Canada,45,5,,
783,3,19,4,France,Australia,19,14,,
784,3,19,5,Australia,Canada,31,0,,
785,3,19,6,France,Fiji,7,14,,
786,3,19,7,Argentina,United States,10,14,,
787,3,19,8,Great Britain,New Zealand,7,12,,
788,3,19,9,Argentina,New Zealand,0,22,,
789,3,19,10,Great Britain,United States,14,26,,
790,3,19,11,United States,New Zealand,7,12,,
791,3,19,12,Great Britain,Argentina,14,17,,
792,3,19,13,Spain,Samoa,17,14,,
793,3,19,14,Ireland,South Africa,17,22,,
794,3,19,15,Spain,South Africa,10,24,,
795,3,19,16,Ireland,Samoa,12,7,,
796,3,19,17,Samoa,South Africa,7,26,,
797,3,19,18,Ireland,Spain,12,5,,
798,3,19,19,Great Britain,Samoa,7,12,,
799,3,19,20,Argentina,Canada,21,0,,
800,3,19,21,Samoa,Argentina,0,42,,
801,3,19,22,Great Britain,Canada,26,17,,
802,3,19,23,Fiji,South Africa,33,14,,
803,3,19,24,United States,Spain,19,17,,
804,3,19,25,United States,Ireland,19,24,,
805,3,19,26,France,Spain,24,10,,
806,3,19,27,South Africa,Australia,0,15,,
807,3,19,28,New Zealand,Fiji,19,12,,
808,3,19,29,Ireland,France,10,26,,
809,3,19,30,Australia,New Zealand,7,26,,
810,3,19,31,France,New Zealand,7,10,,
811,3,19,32,Ireland,Australia,14,5,,
812,2,20,1,Hungary,Great Britain,49,11,,
813,2,20,2,Sweden,Japan,35,28,,
814,2,20,3,Sweden,Hungary,25,28,,
815,2,20,4,Japan,Great Britain,43,16,,
816,2,20,5,Great Britain,Sweden,8,52,,
817,2,20,6,Hungary,Japan,37,28,,
818,2,20,7,Czech Republic,Spain,21,31,,
819,2,20,8,Netherlands,Argentina,34,22,,
820,2,20,9,Netherlands,Czech Republic,32,18,,
821,2,20,10,Argentina,Spain,23,26,,
822,2,20,11,Czech Republic,Argentina,41,33,,
823,2,20,12,Spain,Netherlands,26,27,,
824,2,20,13,Germany,Slovenia,31,25,,
825,2,20,14,Montenegro,Paraguay,30,25,,
826,2,20,15,Germany,Montenegro,28,24,,
827,2,20,16,Slovenia,Paraguay,32,14,,
828,2,20,17,Paraguay,Germany,20,37,,
829,2,20,18,Montenegro,Slovenia,26,30,,
830,3,21,1,Australia,Argentina,26,19,,
831,3,21,2,New Zealand,Canada,22,17,,
832,3,21,3,Australia,Canada,21,14,,
833,3,21,4,New Zealand,Argentina,5,33,,
834,3,21,5,Argentina,Canada,38,0,,
835,3,21,6,New Zealand,Australia,26,10,,
836,3,21,7,South Africa,Spain,31,7,,
837,3,21,8,France,Samoa,17,0,,
838,3,21,9,South Africa,Samoa,15,10,,
839,3,21,10,France,Spain,17,12,,
840,3,21,11,Spain,Samoa,40,5,,
841,3,21,12,France,South Africa,19,20,,
842,3,21,13,Fiji,United States,14,33,,
843,3,21,14,Ireland,Great Britain,19,5,,
844,3,21,15,Fiji,Great Britain,14,19,,
845,3,21,16,Ireland,United States,7,10,,
846,3,21,17,United States,Great Britain,19,21,,
847,3,21,18,Ireland,Fiji,19,26,,
848,3,21,19,Fiji,Canada,31,7,,
849,3,21,20,Spain,Samoa,19,12,,
850,3,21,21,Fiji,Spain,21,12,,
851,3,21,22,Canada,Samoa,12,17,,
852,3,21,23,Argentina,South Africa,14,10,,
853,3,21,24,United States,France,19,17,,
854,3,21,25,France,Great Britain,7,35,,
855,3,21,26,Argentina,Ireland,5,21,,
856,3,21,27,United States,New Zealand,14,19,,
857,3,21,28,South Africa,Australia,24,29,,
858,3,21,29,Great Britain,Ireland,12,15,,
859,3,21,30,New Zealand,Australia,28,12,,
860,3,21,31,Ireland,New Zealand,14,17,,
861,3,21,32,Great Britain,Australia,26,7,,
862,3,22,1,Australia,France,5,38,,
863,3,22,2,Argentina,Great Britain,31,5,,
864,3,22,3,Australia,Great Britain,19,14,,
865,3,22,4,Argentina,France,26,12,,
866,3,22,5,France,Great Britain,17,12,,
867,3,22,6,Argentina,Australia,14,5,,
868,3,22,7,New Zealand,Fiji,26,28,,
869,3,22,8,Ireland,South Africa,26,21,,
870,3,22,9,New Zealand,South Africa,33,24,,
871,3,22,10,Ireland,Fiji,21,26,,
872,3,22,11,Fiji,South Africa,26,7,,
873,3,22,12,Ireland,New Zealand,17,22,,
874,3,22,13,Ireland,Great Britain,19,14,,
875,3,22,14,Australia,South Africa,21,24,,
876,3,22,15,Ireland,South Africa,12,7,,
877,3,22,16,Great Britain,Australia,0,21,,
878,3,22,17,Fiji,France,14,21,,
879,3,22,18,Argentina,New Zealand,21,14,,
880,3,22,19,France,Argentina,19,5,,
881,3,22,20,Fiji,New Zealand,17,10,,
882,3,22,21,Canada,Uruguay,7,41,,
883,3,22,22,United States,Germany,40,19,,
884,3,22,23,Canada,Germany,14,19,,
885,3,22,24,United States,Uruguay,29,14,,
886,3,22,25,Uruguay,Germany,26,14,,
887,3,22,26,United States,Canada,14,7,,
888,3,22,27,Samoa,Kenya,12,19,,
889,3,22,28,Spain,Chile,29,12,,
890,3,22,29,Samoa,Chile,19,21,,
891,3,22,30,Spain,Kenya,10,5,,
892,3,22,31,Kenya,Chile,36,7,,
893,3,22,32,Spain,Samoa,31,0,,
894,3,22,33,United States,Samoa,40,19,,
895,3,22,34,Germany,Kenya,15,33,,
896,3,22,35,Uruguay,Chile,12,10,,
897,3,22,36,Canada,Spain,14,22,,
898,2,23,1,Slovenia,Denmark,19,27,,
899,2,23,2,Netherlands,Angola,34,31,,
900,2,23,3,Spain,Brazil,18,29,,
901,2,23,4,Germany,South Korea,22,23,,
902,2,23,5,Hungary,France,28,31,,
903,2,23,6,Norway,Sweden,28,32,,
